id:id,:LABEL
"Ã¢Â€ÂœvictimÃ¢", unknown
"Ã¢Â€ÂœperpetratorÃ¢", unknown
"Ã¢Â€Å Ã¢", unknown
"PRK", unknown
"Ã¢Â€ÂœVikingÃ¢", unknown
"Ã¢Â€ÂœregularÃ¢", unknown
"Ã¢Â€Âœ8Ã¢", unknown
"Ã¢Â€Âœrefer", unknown
"Ã¢Â€Âœ10Ã¢", unknown
"Ã¢Â€Â˜NoticesÃ¢Â€Â™Ã¢", unknown
"255Ã¢Â€Â“273", unknown
"St", unknown
"Armed RobberyÃ¢", unknown
"Ã¢Â€ÂœunregulatedÃ¢", unknown
"Sept", unknown
"ConventionÃ¢", unknown
"monthsÃ¢", unknown
"189", unknown
"07", unknown
"Ã¢Â€ÂœnecessaryÃ¢", unknown
"Ã¢Â€ÂœlocalÃ¢", unknown
"Leominster ProvincetownÃ¢", unknown
"fisheriesÃ¢", unknown
"Ã¢Â€Â˜devil vesselsÃ¢", unknown
"Å“Ã†ÂŸÃ¯", unknown
"Å“e1PÃ¯", unknown
"Å“e1PÃ¯Â¿Å“PÃ¯", unknown
"Å“PÃ¯", unknown
"Å“Ã­Â“ÂƒÃ¯", unknown
"Å“XuÃ¯", unknown
"Å“ÃÂ£Ã¯", unknown
"Å“8p", unknown
"Å“k", unknown
"Å“PjÃ¯", unknown
"Å“ÃÂ–Ã¯", unknown
"Å“B", unknown
"Å“lÃÂuÃ¯", unknown
"iJPkÃ¯", unknown
"Å“5Ã¯", unknown
"Å“Ã¯", unknown
"Å“DdÃ¯", unknown
"Ã†ÂƒÃ¯", unknown
"Å“gÃ¯", unknown
"pÃ¯Â¿Å“Ã¯", unknown
"Å“Ã¯Â¿Å“Ã¯", unknown
"KÃ¯", unknown
"Å“iÃ¯", unknown
"qÃ¯Â¿Å“Ã®", unknown
"Å“GuÃ¯", unknown
"Å“Pm6", unknown
"Å“z", unknown
"Å“NÃ¯", unknown
"Å“ÃÂ’Ã¯", unknown
"Å“bjNnnÃ¯", unknown
"Å“LÃ¯", unknown
"Å“ÃŸ", unknown
"Å“5Ã¯", unknown
"Ã‰Âd", unknown
"LÃ¯", unknown
"Å“jOÃ‘", unknown
"Å“Y", unknown
"Å“nOÃ¯", unknown
"NÃ¯", unknown
"Å“zÃ¯", unknown
"Å“X", unknown
"Å“Ã’Å’ipÃ¯", unknown
"Å“MSssÃ¯", unknown
"Å“x", unknown
"Å“VÃ¯", unknown
"Å“UkÃ¯", unknown
"Å“mÃ¯Â¿Å“dÃ¯", unknown
"Å“mÃ§Â„Â¢kÃ¯", unknown
"Å“mÃ§Â„Â¢kÃ¯Â¿Å“F1Ã¯", unknown
"Å“F1Ã¯", unknown
"Å“F1Ã¯Â¿Å“F", unknown
"Ã¢Â€Â˜artisanalÃ¢", unknown
"Ã¢Â€Â˜subsistenceÃ¢", unknown
"EBSCOhostÃ¢Â€Â”searched Ã¢Â€Â˜octopus", unknown
"AND fisheryÃ¢", unknown
"artisanalÃ¢", unknown
"Ã¢Â€Â˜octopusÃ¢", unknown
"Ã¢Â€Â˜cephalopodÃ¢", unknown
"cyaneaÃ¢", unknown
"mayaÃ¢", unknown
"Ã¢Â€Â˜polvoÃ¢", unknown
"Ã¢Â€Â˜livelihoodÃ¢", unknown
"folkÃ¢", unknown
"Ã¢Â€Â˜womenÃ¢", unknown
"Ã¢Â€Â˜fisherÃ¢", unknown
"managementÃ¢", unknown
"Ã¢Â€Â˜o", unknown
"Ã¢Â€Â˜poulpeÃ¢", unknown
"scaleÃ¢", unknown
"Alonso-FernÃƒ", unknown
"europeansting", unknown
"LOMÃƒ", unknown
"StatesÃ¢", unknown
"Aleut Community St", unknown
"KanuuxÃŒ", unknown
"Ã¢Â€ÂœSewardÃ¢Â€Â™s FollyÃ¢", unknown
"AlaÃ„Âum KanuuxÃŒ", unknown
"Ã¢Â€ÂœAlaÃ„Âum KanuuxÃŒ", unknown
"17 Sept", unknown
"Ã¢Â€Â˜greenÃ¢", unknown
"DiÃƒ", unknown
"logo", unknown
"ipoa-iuu", unknown
"Think Tank Index ReportÃ¢", unknown
"upenn", unknown
"edu", unknown
"Torremolinos", unknown
"International-Convention", unknown
"imo", unknown
"Ã¢Â€ÂœU", unknown
"Ã¢Â€ÂœsinkÃ¢", unknown
"Ã¢Â€ÂœdegradedÃ¢", unknown
"MexicoÃ¢Â€Â™s YucatÃƒ", unknown
"Ã¢Â€ÂœpioneersÃ¢", unknown
"Ã¢Â€Âœzombie", unknown
"The Pew Charitable TrustsÃ¢", unknown
"Ã¢Â€ÂœcollaborativeÃ¢", unknown
"Ã¢Â€Â™Ã¢", unknown
"GalÃƒ", unknown
"Ã¢Â€ÂœpresumedÃ¢", unknown
"Ã¢Â€ÂœconfirmedÃ¢", unknown
"Ã¢Â€ÂœwidespreadÃ¢", unknown
"Ã¢Â€Â˜protectedÃ¢", unknown
"CatchÃ¢", unknown
"Ã¢Â€ÂœencounteredÃ¢", unknown
"13 yearsÃ¢", unknown
"Fisheries Animal IndustriesÃ¢", unknown
"abc12", unknown
"Ã¢Â€ÂœdisasterÃ¢", unknown
"Ã¢Â€ÂœWe fins", unknown
"Ã°ÂŸÂ’ÂªÃ°ÂŸÂª", unknown
"Sampath", unknown
"United StatesÃ¢", unknown
"Game ThiefÃ¢", unknown
"Ã¢Â€ÂœtransshipmentÃ¢", unknown
"Pacific Island States United StatesÃ¢", unknown
"territory American Samoa", unknown
"Ã¢Â€Âœeared sealsÃ¢", unknown
"holesÃ¢", unknown
"nigeria", unknown
"Ã¢Â€ÂœconservativeÃ¢", unknown
"AquacultureÃ¢", unknown
"Ã¢Â€ÂœdiscriminationÃ¢", unknown
"th", unknown
"ItaquaÃƒ", unknown
"DECEUNINCK", unknown
"Ã¢Â€ÂœMoby-DickÃ¢", unknown
"Ã¢Â€ÂTheoretically", unknown
"Seafreeze Ltd", unknown
"Ã¢Â€ÂœBHFÃ¢", unknown
"Ã¢Â€ÂœProPublicaÃ¢", unknown
"Ã¢Â€ÂœyesterdayÃ¢", unknown
"Ã¢Â€ÂœPortlandÃ¢", unknown
"4Ã¢Â€Â‰ÃƒÂ—Ã¢Â€Â‰15Ã¢", unknown
"Ã¢Â€Â‰60", unknown
"FlodstrÃƒ", unknown
"Ã¢Â€ÂœcardingÃ¢", unknown
"allAfrica", unknown
"Ã‚Â£9", unknown
"Ã‚Â£800", unknown
"waterÃ¢", unknown
"nationalfisherman", unknown
"intrafish", unknown
"choicesmagazine", unknown
"usa", unknown
"oceana", unknown
"ams.usda", unknown
"Ã¢Â€ÂœinitiallyÃ¢", unknown
"SIMPComplianceGuide", unknown
"Ã¢Â€ÂœpoachedÃ¢", unknown
"Ã¢Â€ÂœAccept AllÃ¢", unknown
"krxd", unknown
"Ã¢Â€ÂœseamountÃ¢", unknown
"MarsÃ¢", unknown
"Launch LoversÃ¢", unknown
"LC", unknown
"US Special Operations SOF", unknown
"Ã¢Â€ÂœbossesÃ¢", unknown
"MCDP", unknown
"Ã¢Â€ÂœdimersalÃ¢", unknown
"Ã¢Â€Â˜AwachaÃ¢", unknown
"Ã¢Â€ÂœSaikoÃ¢", unknown
"Ã¢Â€ÂœElquiÃ¢", unknown
"Shipping Corp", unknown
"Navigation Corp", unknown
"Triton Navigation Corp", unknown
"Pontus Navigation Corp", unknown
"Ã¢Â€ÂœHSIÃ¢", unknown
"Ã¢Â€ÂœNYPDÃ¢", unknown
"Ã¢Â€Âœbe", unknown
"Ã¢Â€ÂœlaughableÃ¢", unknown
"Ã¢Â€ÂœtoppyÃ¢", unknown
"Ã¢Â€ÂœstagÃ¢", unknown
"Ã¢Â€ÂœlegitimateÃ¢", unknown
"EasterlingsÃ¢", unknown
"AttorneysÃ¢", unknown
"22 Raptor", unknown
"Covid", unknown
"Ã¢Â€ÂœFrontlineÃ¢", unknown
"Ã¢Â€ÂÃ¢Â€Â¯The", unknown
"SurvivorsÃ¢", unknown
"Task Force", unknown
"FilkinsÃ¢", unknown
"GoliathÃ¢", unknown
"estÃƒ", unknown
"maÃƒÂ±ana asÃƒ", unknown
"Liibaan General Trading Co", unknown
"RPG", unknown
"Refugee BenefitsÃ¢", unknown
"Ã¢Â€ÂœPerlaÃ¢", unknown
"Ã¢Â€ÂœEmanuelÃ¢Â€ÂÃ¢Â€Â“if", unknown
"Ã¢Â€ÂœRestrainÃ¢", unknown
"Ã¢Â€ÂœExploitationÃ¢", unknown
"Feb", unknown
"Ã¢Â€Âœdirect", unknown
"Ã¢Â€Â˜directlyÃ¢", unknown
"wgbh", unknown
"brianbushard", unknown
"siladityaray", unknown
"Ã¢Â€Â˜PerlaÃ¢", unknown
"MexicoÃ¢Â€Â™Ã¢", unknown
"Ã¢Â€Â˜enticedÃ¢", unknown
"ÃÂ°Ã‘", unknown
"ÃÅ“ÃÂ° ÃÂ±ÃÅ¸Ã‘Â†Ã‘", unknown
"ÃÂ£ÃÂºÃ‘Â€ÃÂ°Ã‘Â—ÃÅ“ÃÅ¾", unknown
"Ã¢Â€ÂœCompromiseÃ¢", unknown
"Ã¢Â€Â˜PartnersÃ¢", unknown
"Ã¢Â€ÂœtheoriginaldragoncoveÃ¢", unknown
"Ã¢Â€ÂœoriginaldragoncoveÃ¢", unknown
"The DefendantsÃ¢", unknown
"Ã¢Â€ÂœNinoÃ¢", unknown
"TexasÃ¢", unknown
"Remarkable", unknown
"PÃƒ", unknown
"Ã¢Â€ÂœcommissionÃ¢", unknown
"Ã¢Â€ÂœundeniableÃ¢", unknown
"Ã¢Â€ÂœinconsistenciesÃ¢", unknown
"Ã¢Â€ÂœadjustingÃ¢", unknown
"Ã¢Â€ÂœDesbloqueio pÃƒ", unknown
"Ã¢Â€ÂœKikoÃ¢", unknown
"tio MPFÃ¢Â€Â™s Special Action Group Combat Organized Crime", unknown
"ExportaÃƒ", unknown
"Ã¢Â€ÂœillegalÃ¢", unknown
"HardwoodsÃ¢", unknown
"MeridaÃ¢Â€Â™Ã¢", unknown
"meridaÃ¢", unknown
"Ã¢Â€ÂœBanderaÃ¢", unknown
"Ã¢Â€ÂœPadre", unknown
"MenardsÃ¢", unknown
"Ã‚Â£103", unknown
"Ã‚Â£10", unknown
"Ã¢Â€ÂœtigerÃ¢", unknown
"Ã¢Â€ÂœminingÃ¢", unknown
"PitÃ¢", unknown
"Ã¢Â€Âœsnitch", unknown
"Ã¢Â€ÂœbrokerÃ¢", unknown
"PlattsÃ¢", unknown
"Ã¢Â€ÂœDuare RationÃ¢", unknown
"Ã¢Â€ÂœsatisfactoryÃ¢", unknown
"Ã¢Â€ÂœoverwhelmedÃ¢", unknown
"Ã¢Â€Â˜exemplaryÃ¢", unknown
"Amstel Inc", unknown
"Ã¢Â€ÂœHelpÃ¢", unknown
"Ã¢Â€Âœsleepy", unknown
"Ã¢Â€ÂœPublic Loaders", unknown
"Ã¢Â€ÂœEQUIPMENTÃ¢", unknown
"Ã¢Â€ÂœshabuÃ¢", unknown
"Ã¢Â€ÂœcrisisÃ¢", unknown
"Aicrowe Biotech Co", unknown
"Gaosheng Biotechnology Co", unknown
"076", unknown
"vansÃ¢", unknown
"Ã¢Â€Â˜DisastrousÃ¢", unknown
"Ã¢Â€Âœshark finÃ¢", unknown
"13d79d632036", unknown
"2037/09", unknown
"2038650116", unknown
"sectors sectors 2033", unknown
"yearbook2034", unknown
"20370602035941", unknown
"yearbook2036", unknown
"2036-06", unknown
"2035/03", unknown
"faf.20363", unknown
"2030Ã¢", unknown
"Ancla Azul Company Solutions", unknown
"Ã¢Â€Âœpair", unknown
"Guessl", unknown
"Federated", unknown
"FinestSea Ltd. Corporation Enterprises", unknown
"Icelandic Shrimp Corporation Transport", unknown
"Lake Mweru A/S Carriers", unknown
"Playa de la Felicidad Oyj Cargo", unknown
"l y S.A. de C.V. International", unknown
"SeaSpray Wave SRL Solutions", unknown
"Ocean Fisheries Llc", unknown
"Ancla del Mar Ltd. Corporation", unknown
"Tamil Nadu S.p.A.", unknown
"Fisherman'sFriend Charter Boat S.A. de C.V. Freight ", unknown
"FiTI", unknown
"Victoria", unknown
"Master", unknown
"Faurtil FÃƒÂ¡brica Urnas TietÃƒÂª", unknown
"Turkish Mussels Ltd. Liability Co Marine biology", unknown
"Mar del Paraso SRL Shipping", unknown
"New Bedford Light", unknown
"Sonia Fisheries Pvt", unknown
"Pesquera", unknown
"DOFÃ¢Â€Â™s", unknown
"Irish Sea Seaside GmbH & Co. KG Distribution", unknown
"Uttar Pradesh Sp", unknown
"Estrella de Coral Ltd. Corporation Logistics", unknown
"Gulf of Guinea  Corporation", unknown
"Seabreeze Foods Corporation Logistics", unknown
"Ã¢Â€Â˜Do", unknown
"Dry Creek S.p.A. Overseas", unknown
"Meere Delpeuch", unknown
"Kerala Market Limited Liability Company", unknown
"Pasture Petfoods New Zealand Ltd", unknown
"Tanzania", unknown
"Reunion", unknown
"Ht Shipping", unknown
"Selena Building", unknown
"Playa de la Felicidad NV", unknown
"Ã¢Â€ÂœIllegal", unknown
"IMPORT", unknown
"Fishing International", unknown
"Ã¢Â€ÂœVirginia", unknown
"Electronic", unknown
"Fish Sea", unknown
"Sea Products", unknown
"W Appliance", unknown
"McLeanÃ¢Â€Â™s", unknown
"American", unknown
"Finest Ltd. Liability Co United", unknown
"Ex-Lax", unknown
"Fishisland", unknown
"Jammu & Kashmir Limited Liability Company Delivery", unknown
"heÃ¢Â€Â™s", unknown
"Ã¢Â€Âœnoncitizen", unknown
"Ã¢Â€ÂœGenev", unknown
"Oceanfront Oasis Inc Carriers", unknown
"Qingdao Kaiyuan Seafoods", unknown
"West Bengal SRL Marine conservation", unknown
"Platts Oilgram", unknown
"Kerala Market Corp Consulting", unknown
"Mar de la Vida OJSC", unknown
"America", unknown
"Portuguese Octopus S.p.A. Cargo", unknown
"Surf and Sand Ltd. Liability Co", unknown
"West Bengal S.A. de C.V.", unknown
"Partnership satellite", unknown
"Seafood", unknown
"Caribbean", unknown
"XUAR", unknown
"Fisheries Inc", unknown
"Getis-Ord", unknown
"World Church Power God", unknown
"Rama Overseas", unknown
"Estrella de Mar Limited Liability Company Delivery", unknown
"BergmanÃ¢Â€Â™s", unknown
"Conduct Joint", unknown
"Seabreeze Foods Ltd. Corporation United", unknown
"Kilimanjaro fishery Ltd. Liability Co Transport", unknown
"Isa", unknown
"Barco de Plata Ltd Logistics", unknown
"Lake Malawi LC Forwading", unknown
"Water World LLC Express", unknown
"Ã¢Â€ÂœTrials", unknown
"BPÃ¢Â€Â™s", unknown
"FLIP MCGYVER Tradema", unknown
"Shellfish Chile SA", unknown
"IPOS0000DOP", unknown
"TemuÃ¢Â€Â™s", unknown
"Firearms Explosives", unknown
"IAVMs", unknown
"Cartel Emergent Weaponry Use", unknown
"Ejintex International", unknown
"Asia Seafood", unknown
"Andhra Pradesh  S.A. de C.V.", unknown
"AtlantoÃ¢Â€Â“Scandian", unknown
"TrammellÃ¢Â€Â™s", unknown
"Moo", unknown
"Eva", unknown
"Salles Operation Handroanthus", unknown
"Blue Water Ventures Ltd. Liability Co", unknown
"Mar de Cristalino Co", unknown
"SaltwaterSavor Shipyard LC Merchants", unknown
"OceanKings Sailor Corp Logistics", unknown
"Debit Cards Autopay", unknown
"Mar de la Costa Ges.m.b.H.", unknown
"Ã¢Â€Âœsuffered", unknown
"Orient", unknown
"OceanicHarvest Dry dock N.V. Delivery", unknown
"itÃ¢Â€Â™s", unknown
"RafaelÃ¢Â€Â™s", unknown
"Madhya Pradesh Market BV", unknown
"Ã¢Â€ÂœCompliance", unknown
"Blue Bay", unknown
"Innovative", unknown
"Lake Malawi SE Freight ", unknown
"Caspian Sea  Sea Corporation Freight ", unknown
"Yu gan BV Investment", unknown
"Thai Union Seafood", unknown
"Okavango Delta Seaside Limited Liability Company Logistics", unknown
"sh rn y Corporation", unknown
"Ocean Trawlers", unknown
"Belgian Scallop Limited Liability Company Krill", unknown
"Sea Harvest", unknown
"SMILE", unknown
"Haryana s Co Transit", unknown
"Ã¢Â€Â¢", unknown
"DOFÃ¢Â€Â™s Long Xing", unknown
"Insung", unknown
"Chuan gou Company Overseas", unknown
"Petroleum Vapor Intrusion", unknown
"Energotrade Plus", unknown
"Intrepid Navigators", unknown
"Blue Venturew", unknown
"The Salty Dog Tidepool Kga Transport", unknown
"Madhya Pradesh Market Ltd Solutions", unknown
"Scottish Trout Limited Liability Company Transit", unknown
"Gen International", unknown
"MeWe Vimeo", unknown
"Four", unknown
"II", unknown
"Bloomberg", unknown
"Ntaco", unknown
"SVBÃ¢Â€Â™s", unknown
"United Bankx", unknown
"Golden Titana", unknown
"Sea Breezes GmbH & Co. KG Lighthouse", unknown
"Mar de Plata Corp and Son's", unknown
"Rs", unknown
"Irish Sea SRL Brothers", unknown
"Barco de Plata Plc", unknown
"Thomas Corp Cargo ship", unknown
"Blue Lagoon Sailor Limited Liability Company Worldwide", unknown
"Amorim Flooring", unknown
"Edward Ferry SE Transportation", unknown
"Ã‚Â£1", unknown
"Stock SA", unknown
"Forwading S.A. de C.V.", unknown
"OceanicOrigin Foods River AG Marine ecology", unknown
"Ware", unknown
"Arctic", unknown
"Niger River Delta Ges.m.b.H. Services", unknown
"ROBYN BECK", unknown
"Bay of Bengal's Incorporated", unknown
"Aqua Ambassadors Limited Liability Company", unknown
"Sea Luxe Oceanography Kga Transportation", unknown
"MongabayÃ¢Â€Â™s", unknown
"Fresh Atlantic", unknown
"SunÃ¢Â€Â™s", unknown
"Costa del Mar S.p.A.", unknown
"OJSC Ltd. Liability Co", unknown
"Mount Kenya Estuary Sp Holdings", unknown
"Ã¢Â€ÂœPokÃƒÂ©mon", unknown
"Ryabikova", unknown
"Ã¢Â€Âœbracatinga", unknown
"I6aE01vDFm", unknown
"Puerta", unknown
"Next Day", unknown
"Seaside Sojourns A/S Shipping", unknown
"Food", unknown
"Guaranteed Income Program New Parents 2035", unknown
"Image ArtTower", unknown
"Nile Crocodile Deep-sea Oyj Brothers", unknown
"VyoummBnVY", unknown
"Blue Water Ventures Kga", unknown
"Bloomberg Law", unknown
"Ã¢Â€ÂœCinder", unknown
"Kariba Dam  N.V. Brothers", unknown
"Mitsubishi", unknown
"Tuna Vietnam", unknown
"Estrella del Mar Plc", unknown
"Marine Foods", unknown
"Agua TransiciÃƒÂ³n EcolÃƒÂ³gica", unknown
"Arunachal Pradesh Sp Marine mist", unknown
"Chuan gou Corporation Transportation", unknown
"Nautical Navigators Kga United", unknown
"3 Ltd. Liability Co", unknown
"Lf Beauty", unknown
"Playa de Coral Oyj International", unknown
"Metro Marinen", unknown
"Surf and Sea International Tidepool", unknown
"The Salty Dog CJSC", unknown
"Paul S.A. de C.V.", unknown
"Comei&Co", unknown
"Rickard shrimp", unknown
"Hudsons Bay", unknown
"Group Co Marine life", unknown
"STL", unknown
"Odisha Sea Dry dock LLC Consultants", unknown
"USINC", unknown
"The Ashey", unknown
"Green", unknown
"Dark Web Vendor Illegal Narcotics", unknown
"Heroin Cocaine Exchange Bitcoin", unknown
"Farmers", unknown
"FiTIÃ¢Â€Â™s", unknown
"Jharkhand s GmbH & Co. KG", unknown
"Phillips", unknown
"6 Ray LLC Enterprises", unknown
"Prod", unknown
"PinduoduoÃ¢Â€Â™s", unknown
"AuraÃ¢Â€Â™s", unknown
"McGovern BBB", unknown
"Rose", unknown
"drayage companies", unknown
"Savaneta Corporation Marine life", unknown
"Michael Limited Liability Company", unknown
"Irtysh - Inc Distribution", unknown
"East", unknown
"Fresh On Time Seafood", unknown
"MAT", unknown
"Faroe Islands Halibut A/S", unknown
"Teion Internationala", unknown
"Single Seafood", unknown
"Ã¢Â€ÂœUS", unknown
"Welding", unknown
"Basketball", unknown
"Ocean Packers", unknown
"Improvised Anti", unknown
"Orange River  AS Logistics", unknown
"Ste", unknown
"French Ltd. Corporation Surfboard", unknown
"Andhra Pradesh  Investment Dry dock", unknown
"Uber Connect", unknown
"Pb Brasil Industries", unknown
"Deep Sea Atlantic NV", unknown
"Supreme GmbH & Co. KG Consulting", unknown
"gu y LC Shipping", unknown
"Ningbo China Base Landhau Foreign", unknown
"Estrella del Mar Pic", unknown
"ArtemovÃ¢Â€Â™s Ava Petroleum", unknown
"Spanish Red Snapper GmbH Shipping", unknown
"Officer Pleads Guilty", unknown
"Bribes Exchange Smuggling Contraband", unknown
"Sp", unknown
"Memphis Women", unknown
"One Hongn", unknown
"Evergreen", unknown
"Himachal Pradesh Aquatic Plc Brothers", unknown
"Lake Tanganyika Sea AS Shipping", unknown
"Nagaland Sea Ltd. Liability Co &", unknown
"Estrella de la Costa  Consultants", unknown
"Kores De Venezuela C A", unknown
"CP World", unknown
"Tombow", unknown
"Gelita Gelatine", unknown
"Yale", unknown
"Faroe Islands Plc Investment", unknown
"East Ltd. Corporation Investment", unknown
"Logistics", unknown
"Dispenseroo", unknown
"80 Percent Arms", unknown
"CM Nationali", unknown
"Anthony Sailboat Co Shipping", unknown
"MV", unknown
"Costa de Coral Charter Boat Oyj Overseas", unknown
"Warner", unknown
"Alpha Brokersa", unknown
"ViktorÃ¢Â€Â™s", unknown
"Sea Seekers Merchants Cruise ship", unknown
"NFTs", unknown
"Cargo Systemsi", unknown
"Ocano del Este Corp Freight ", unknown
"Ronald", unknown
"C Express", unknown
"Znamensk Eel LLC United", unknown
"Sisdof/Sinaflor", unknown
"Spanish Shrimp Sp Brothers", unknown
"Tajima Industrues Ltd", unknown
"ZerzaÃ¢Â€Â™s", unknown
"IndÃƒÂºstria Madeireira Uliana", unknown
"Sms", unknown
"Semas 260 Rural", unknown
"Dolphin Dreams S.A. de C.V. Seafood", unknown
"All", unknown
"Cab Incorportated", unknown
"Sikkim S.A. de C.V.", unknown
"Yeezy", unknown
"Kagera River  Company Solutions", unknown
"Marmooska Shipyard Sagl United", unknown
"Leo", unknown
"W&O Supply", unknown
"Greek Sea Bream Limited Liability Company Transit", unknown
"David S.A. de C.V. Brothers", unknown
"Haryana s Ltd. Corporation Carriers", unknown
"Coral Reef Sagl Transport", unknown
"Felbab-Brown", unknown
"OzonActionÃ¢Â€Â™s", unknown
"Ã¢Â€ÂœEntirely", unknown
"Ocano del Este SE", unknown
"Norwegian Shrimp N.V. -", unknown
"Malabar Sea Catch Sp", unknown
